term	gene
cell_cycle	Ccna2
cell_cycle	Ccne2
cell_cycle	Hdac1
cell_cycle	Stag1
cell_cycle	Wee2
cell_cycle	Ywhah
cell_cycle	Ywhab
cell_cycle	Smc1b
cell_cycle	Esco2
cell_cycle	Pds5a
cell_cycle	E2f5
cell_cycle	Ccnb1-ps
cell_cycle	Abl1
cell_cycle	Ccnb2
cell_cycle	Ccnd1
cell_cycle	Ccnd2
cell_cycle	Ccnd3
cell_cycle	Cdc25b
cell_cycle	Cdc25c
cell_cycle	Cdk1
cell_cycle	Cdc45
cell_cycle	Cdc7
cell_cycle	Cdk2
cell_cycle	Cdk4
cell_cycle	Cdk6
cell_cycle	Cdk7
cell_cycle	Cdkn1a
cell_cycle	Cdkn1b
cell_cycle	Cdkn1c
cell_cycle	Cdkn2a
cell_cycle	Cdkn2b
cell_cycle	Cdkn2c
cell_cycle	Cdkn2d
cell_cycle	Smc3
cell_cycle	E2f1
cell_cycle	E2f3
cell_cycle	Smad2
cell_cycle	Smad3
cell_cycle	Smad4
cell_cycle	Mcm3
cell_cycle	Mcm2
cell_cycle	Mcm4
cell_cycle	Mcm5
cell_cycle	Mcm6
cell_cycle	Mcm7
cell_cycle	Anapc1
cell_cycle	Myc
cell_cycle	Orc1
cell_cycle	Orc2
cell_cycle	Plk1
cell_cycle	Rad21
cell_cycle	Rb1
cell_cycle	Rbl1
cell_cycle	Rbl2
cell_cycle	Skp1
cell_cycle	Tfdp1
cell_cycle	Tgfb1
cell_cycle	Tgfb2
cell_cycle	Tgfb3
cell_cycle	Atrx
cell_cycle	Ywhae
cell_cycle	Zbtb17
cell_cycle	Cdc6
cell_cycle	Orc4
cell_cycle	Orc5
cell_cycle	Cul1
cell_cycle	Dbf4
cell_cycle	Skp2
cell_cycle	Pttg1
cell_cycle	Orc3
cell_cycle	Anapc4
cell_cycle	Cdc23
cell_cycle	Anapc16
cell_cycle	Anapc7
cell_cycle	Rbx1
cell_cycle	Orc6
cell_cycle	Gsk3b
cell_cycle	Anapc5
cell_cycle	Anapc11
cell_cycle	Cdc26
cell_cycle	Ccnh
cell_cycle	Cdt1
cell_cycle	Anapc10
cell_cycle	Anapc13
cell_cycle	Cdc16
cell_cycle	Hdac8
cell_cycle	Nipbl
cell_cycle	Mau2
cell_cycle	Anapc15
cell_cycle	Ticrr
cell_cycle	Anapc2
cell_cycle	Mtbp
cell_cycle	Espl1
cell_cycle	Cdc20
cell_cycle	Tfdp2
cell_cycle	Cdc27
cell_cycle	E2f2
cell_cycle	Pkmyt1
cell_cycle	Ddx11
cell_cycle	Ccna1
cell_cycle	Ccne1
cell_cycle	Hdac2
cell_cycle	Stag2
cell_cycle	Wee1
cell_cycle	Ywhag
cell_cycle	Ywhaq
cell_cycle	Smc1a
cell_cycle	Esco1
cell_cycle	Pds5b
cell_cycle	E2f4
cell_cycle	Ccnb1
cell_cycle	Ywhaz
cell_cycle	Gm2423
wnt	Wnt7a
wnt	Notum
wnt	Gm9839
wnt	Tle1
wnt	Dvl1
wnt	Dkk2
wnt	Nkd1
wnt	Wnt8a
wnt	Wnt5b
wnt	Wnt3a
wnt	Wnt2b
wnt	Wnt9a
wnt	Wnt10a
wnt	Tbl1xr1
wnt	Siah1a
wnt	Prkacb
wnt	Lrp6
wnt	Fzd10
wnt	Fzd5
wnt	Fzd7
wnt	Peg12
wnt	Ctbp1
wnt	Csnk2a1
wnt	Ep300
wnt	Fbxw11
wnt	Apc2
wnt	Axin1
wnt	Axin2
wnt	Cacybp
wnt	Ctnnb1
wnt	Ccnd1
wnt	Ccnd2
wnt	Ccnd3
wnt	Cer1
wnt	Csnk2b
wnt	Lgr5
wnt	Fosl1
wnt	Fzd3
wnt	Fzd4
wnt	Fzd6
wnt	Jun
wnt	Lef1
wnt	Smad3
wnt	Smad4
wnt	Mmp7
wnt	Myc
wnt	Nlk
wnt	Ctnnd2
wnt	Ppard
wnt	Psen1
wnt	Serpinf1
wnt	Sfrp2
wnt	Sfrp1
wnt	Frzb
wnt	Sfrp4
wnt	Sox17
wnt	Skp1
wnt	Tcf7
wnt	Tcf7l1
wnt	Tcf7l2
wnt	Trp53
wnt	Ccn4
wnt	Wnt11
wnt	Wnt4
wnt	Wnt6
wnt	Wif1
wnt	Map3k7
wnt	Cul1
wnt	Csnk1e
wnt	Porcn
wnt	Sfrp5
wnt	Ruvbl1
wnt	Gsk3b
wnt	Fzd2
wnt	Ctnnbip1
wnt	Chd8
wnt	Bambi
wnt	Ccdc88c
wnt	Rspo3
wnt	Cby1
wnt	Sost
wnt	Csnk1a1
wnt	Wnt16
wnt	Sirt1
wnt	Lgr4
wnt	Rspo1
wnt	Rnf43
wnt	Frat2
wnt	Ccar2
wnt	Lzts2
wnt	Rspo4
wnt	Rspo2
wnt	Cxxc4
wnt	Mcc
wnt	Lgr6
wnt	Znrf3
wnt	Apcdd1
wnt	Apc
wnt	Btrc
wnt	Crebbp
wnt	Csnk2a2
wnt	Ctbp2
wnt	Dvl2
wnt	Frat1
wnt	Fzd1
wnt	Fzd8
wnt	Fzd9
wnt	Lrp5
wnt	Prkaca
wnt	Siah1b
wnt	Tbl1x
wnt	Wnt10b
wnt	Wnt9b
wnt	Wnt2
wnt	Wnt3
wnt	Wnt5a
wnt	Wnt7b
wnt	Wnt8b
wnt	Nkd2
wnt	Dkk4
wnt	Gm5415
wnt	Dkk1
wnt	Dvl3
wnt	Tle3
wnt	AF366264
wnt	Senp2
wnt	Tle6
wnt	Tle2
wnt	4930444G20Rik
notch	Adam17
notch	Ctbp1
notch	Dvl1
notch	Dtx1
notch	Kat2a
notch	Hes1
notch	Hes5
notch	Hey1
notch	Itch
notch	Jag1
notch	Jag2
notch	Lfng
notch	Notch1
notch	Notch2
notch	Notch3
notch	Notch4
notch	Numbl
notch	Psen1
notch	Psen2
notch	Ptcra
notch	Rbpjl
notch	Ncor2
notch	Tle1
notch	Atxn1l
notch	Dll4
notch	Spen
notch	Ncstn
notch	Psenen
notch	Snw1
notch	Cir1
notch	Nrarp
notch	Aph1a
notch	Ep300
notch	Maml3
notch	Hdac1
notch	Maml2
notch	Aph1b
notch	Dtx2
notch	Heyl
notch	Atxn1
notch	Rfng
notch	Rbpj
notch	Kat2b
notch	Numb
notch	Hdac2
notch	Dvl2
notch	Dll3
notch	Ctbp2
notch	Crebbp
notch	Maml1
notch	Dtx3
notch	Aph1c
notch	Tle3
notch	Mfng
notch	Hey2
notch	Dvl3
notch	Dll1
notch	Dtx3l
notch	Tle2
notch	Dtx4
notch	Tle6
notch	Tle4
th1_cell_diff	Ccna2
th1_cell_diff	Ccne2
th1_cell_diff	Hdac1
th1_cell_diff	Stag1
th1_cell_diff	Wee2
th1_cell_diff	Ywhah
th1_cell_diff	Ywhab
th1_cell_diff	Smc1b
th1_cell_diff	Esco2
th1_cell_diff	Pds5a
th1_cell_diff	E2f5
th1_cell_diff	Ccnb1-ps
th1_cell_diff	Abl1
th1_cell_diff	Ccnb2
th1_cell_diff	Ccnd1
th1_cell_diff	Ccnd2
th1_cell_diff	Ccnd3
th1_cell_diff	Cdc25b
th1_cell_diff	Cdc25c
th1_cell_diff	Cdk1
th1_cell_diff	Cdc45
th1_cell_diff	Cdc7
th1_cell_diff	Cdk2
th1_cell_diff	Cdk4
th1_cell_diff	Cdk6
th1_cell_diff	Cdk7
th1_cell_diff	Cdkn1a
th1_cell_diff	Cdkn1b
th1_cell_diff	Cdkn1c
th1_cell_diff	Cdkn2a
th1_cell_diff	Cdkn2b
th1_cell_diff	Cdkn2c
th1_cell_diff	Cdkn2d
th1_cell_diff	Smc3
th1_cell_diff	E2f1
th1_cell_diff	E2f3
th1_cell_diff	Smad2
th1_cell_diff	Smad3
th1_cell_diff	Smad4
th1_cell_diff	Mcm3
th1_cell_diff	Mcm2
th1_cell_diff	Mcm4
th1_cell_diff	Mcm5
th1_cell_diff	Mcm6
th1_cell_diff	Mcm7
th1_cell_diff	Anapc1
th1_cell_diff	Myc
th1_cell_diff	Orc1
th1_cell_diff	Orc2
th1_cell_diff	Plk1
th1_cell_diff	Rad21
th1_cell_diff	Rb1
th1_cell_diff	Rbl1
th1_cell_diff	Rbl2
th1_cell_diff	Skp1
th1_cell_diff	Tfdp1
th1_cell_diff	Tgfb1
th1_cell_diff	Tgfb2
th1_cell_diff	Tgfb3
th1_cell_diff	Atrx
th1_cell_diff	Ywhae
th1_cell_diff	Zbtb17
th1_cell_diff	Cdc6
th1_cell_diff	Orc4
th1_cell_diff	Orc5
th1_cell_diff	Cul1
th1_cell_diff	Dbf4
th1_cell_diff	Skp2
th1_cell_diff	Pttg1
th1_cell_diff	Orc3
th1_cell_diff	Anapc4
th1_cell_diff	Cdc23
th1_cell_diff	Anapc16
th1_cell_diff	Anapc7
th1_cell_diff	Rbx1
th1_cell_diff	Orc6
th1_cell_diff	Gsk3b
th1_cell_diff	Anapc5
th1_cell_diff	Anapc11
th1_cell_diff	Cdc26
th1_cell_diff	Ccnh
th1_cell_diff	Cdt1
th1_cell_diff	Anapc10
th1_cell_diff	Anapc13
th1_cell_diff	Cdc16
th1_cell_diff	Hdac8
th1_cell_diff	Nipbl
th1_cell_diff	Mau2
th1_cell_diff	Anapc15
th1_cell_diff	Ticrr
th1_cell_diff	Anapc2
th1_cell_diff	Mtbp
th1_cell_diff	Espl1
th1_cell_diff	Cdc20
th1_cell_diff	Tfdp2
th1_cell_diff	Cdc27
th1_cell_diff	E2f2
th1_cell_diff	Pkmyt1
th1_cell_diff	Ddx11
th1_cell_diff	Ccna1
th1_cell_diff	Ccne1
th1_cell_diff	Hdac2
th1_cell_diff	Stag2
th1_cell_diff	Wee1
th1_cell_diff	Ywhag
th1_cell_diff	Ywhaq
th1_cell_diff	Smc1a
th1_cell_diff	Esco1
th1_cell_diff	Pds5b
th1_cell_diff	E2f4
th1_cell_diff	Ccnb1
th1_cell_diff	Ywhaz
th1_cell_diff	Gm2423
th17_cell_diff	Ahr
th17_cell_diff	Runx1
th17_cell_diff	Cd3d
th17_cell_diff	Cd3e
th17_cell_diff	Cd3g
th17_cell_diff	Cd247
th17_cell_diff	Cd4
th17_cell_diff	Chuk
th17_cell_diff	Fos
th17_cell_diff	Gata3
th17_cell_diff	H2-Oa
th17_cell_diff	Hif1a
th17_cell_diff	Hsp90aa1
th17_cell_diff	Ifng
th17_cell_diff	Ifngr1
th17_cell_diff	Ifngr2
th17_cell_diff	Ikbkb
th17_cell_diff	Ikbkg
th17_cell_diff	Il12rb1
th17_cell_diff	Il17a
th17_cell_diff	Il1b
th17_cell_diff	Il1r1
th17_cell_diff	Il1rap
th17_cell_diff	Il2
th17_cell_diff	Il2ra
th17_cell_diff	Il2rb
th17_cell_diff	Il2rg
th17_cell_diff	Il4
th17_cell_diff	Il4ra
th17_cell_diff	Il6
th17_cell_diff	Il6ra
th17_cell_diff	Il6st
th17_cell_diff	Irf4
th17_cell_diff	Jak1
th17_cell_diff	Jak2
th17_cell_diff	Jak3
th17_cell_diff	Jun
th17_cell_diff	Lat
th17_cell_diff	Lck
th17_cell_diff	Smad2
th17_cell_diff	Smad3
th17_cell_diff	Smad4
th17_cell_diff	Nfatc1
th17_cell_diff	Nfatc2
th17_cell_diff	Nfatc3
th17_cell_diff	Nfkb1
th17_cell_diff	Nfkbia
th17_cell_diff	Nfkbib
th17_cell_diff	Nfkbie
th17_cell_diff	Prkcq
th17_cell_diff	Plcg1
th17_cell_diff	Ppp3ca
th17_cell_diff	Ppp3r2
th17_cell_diff	Rara
th17_cell_diff	Rela
th17_cell_diff	Rora
th17_cell_diff	Rorc
th17_cell_diff	Rxra
th17_cell_diff	Rxrb
th17_cell_diff	Rxrg
th17_cell_diff	Foxp3
th17_cell_diff	Stat1
th17_cell_diff	Stat3
th17_cell_diff	Stat5a
th17_cell_diff	Stat5b
th17_cell_diff	Stat6
th17_cell_diff	Tgfb1
th17_cell_diff	Tgfbr1
th17_cell_diff	Tgfbr2
th17_cell_diff	Zap70
th17_cell_diff	Mapk10
th17_cell_diff	Mapk3
th17_cell_diff	Mapk12
th17_cell_diff	Ebi3
th17_cell_diff	Il22
th17_cell_diff	Il27ra
th17_cell_diff	Tyk2
th17_cell_diff	Mtor
th17_cell_diff	Tbx21
th17_cell_diff	Il21r
th17_cell_diff	Il21
th17_cell_diff	Il23a
th17_cell_diff	Il23r
th17_cell_diff	Il27
th17_cell_diff	Il17f
th17_cell_diff	H2-DMa
th17_cell_diff	H2-DMb2
th17_cell_diff	H2-DMb1
th17_cell_diff	H2-Ob
th17_cell_diff	H2-Ab1
th17_cell_diff	H2-Aa
th17_cell_diff	H2-Eb1
th17_cell_diff	H2-Eb2
th17_cell_diff	H2-Ea
th17_cell_diff	Hsp90ab1
th17_cell_diff	Ppp3cc
th17_cell_diff	Ppp3cb
th17_cell_diff	Ppp3r1
th17_cell_diff	Mapk9
th17_cell_diff	Mapk1
th17_cell_diff	Mapk11
th17_cell_diff	Mapk8
th17_cell_diff	Mapk13
th17_cell_diff	Mapk14
intestinal_epithelial_cell_differentiation	C1galt1
intestinal_epithelial_cell_differentiation	Cbfa2t2
intestinal_epithelial_cell_differentiation	Cdh1
intestinal_epithelial_cell_differentiation	Cdx2
intestinal_epithelial_cell_differentiation	Dicer1
intestinal_epithelial_cell_differentiation	Fzd5
intestinal_epithelial_cell_differentiation	Gata4
intestinal_epithelial_cell_differentiation	Gata5
intestinal_epithelial_cell_differentiation	Gata6
intestinal_epithelial_cell_differentiation	Gsdmc2
intestinal_epithelial_cell_differentiation	Hif1a
intestinal_epithelial_cell_differentiation	Hoxa5
intestinal_epithelial_cell_differentiation	Il6st
intestinal_epithelial_cell_differentiation	Klf5
intestinal_epithelial_cell_differentiation	Mir203
intestinal_epithelial_cell_differentiation	Mir7-1
intestinal_epithelial_cell_differentiation	Mir7-2
intestinal_epithelial_cell_differentiation	Nkx3-2
intestinal_epithelial_cell_differentiation	Prdm1
intestinal_epithelial_cell_differentiation	Ptk6
intestinal_epithelial_cell_differentiation	Sav1
intestinal_epithelial_cell_differentiation	Sox9
intestinal_epithelial_cell_differentiation	Spdef
intestinal_epithelial_cell_differentiation	Src
intestinal_epithelial_cell_differentiation	Tigar
intestinal_epithelial_cell_differentiation	Tmigd1
intestinal_epithelial_cell_differentiation	Yap1
intestinal_epithelial_cell_differentiation	Yipf6
intestinal_epithelial_cell_development	Nkx3-2
intestinal_epithelial_cell_development	Mir7-2
intestinal_epithelial_cell_development	Mir7-1
intestinal_epithelial_cell_development	Cdh1
intestinal_epithelial_cell_development	Hif1a
intestinal_epithelial_cell_development	Spdef
intestinal_epithelial_cell_development	Src
intestinal_epithelial_cell_development	Gsdmc2
intestinal_epithelial_cell_development	Fzd5
intestinal_epithelial_cell_development	C1galt1
intestinal_epithelial_cell_development	Mir203
intestinal_epithelial_cell_development	Tigar
intestinal_epithelial_cell_development	Tmigd1
intestinal_epithelial_cell_development	Yap1
intestinal_epithelial_cell_development	Il6st
intestinal_epithelial_cell_development	Hoxa5
intestinal_epithelial_cell_development	Prdm1
intestinal_epithelial_cell_development	Klf5
intestinal_epithelial_cell_development	Yipf6
intestinal_epithelial_cell_development	Dicer1
epithelial_cell_apoptotic_process	Lef1
epithelial_cell_apoptotic_process	Krt8
epithelial_cell_apoptotic_process	Col4a3
epithelial_cell_apoptotic_process	Atoh1
epithelial_cell_apoptotic_process	Cdkn1b
epithelial_cell_apoptotic_process	Bid
epithelial_cell_apoptotic_process	Casp8
epithelial_cell_apoptotic_process	Krt18
epithelial_cell_apoptotic_process	Jag2
epithelial_cell_apoptotic_process	Stk4
epithelial_cell_apoptotic_process	Tnf
epithelial_cell_apoptotic_process	Mtch2
epithelial_cell_apoptotic_process	Bmpr2
epithelial_cell_apoptotic_process	Naip1
epithelial_cell_apoptotic_process	Usp53
epithelial_cell_apoptotic_process	Adar
epithelial_cell_apoptotic_process	Psmd9
epithelial_cell_apoptotic_process	Tgfbr2
epithelial_cell_apoptotic_process	Casp9
epithelial_cell_apoptotic_process	mTP63
epithelial_cell_apoptotic_process	Agap2
epithelial_cell_apoptotic_process	Tmf1
epithelial_cell_apoptotic_process	Lims1
epithelial_cell_apoptotic_process	Six3
epithelial_cell_apoptotic_process	Pdx1
epithelial_cell_apoptotic_process	Atf2
epithelial_cell_apoptotic_process	E2f2
epithelial_cell_apoptotic_process	Sav1
epithelial_cell_apoptotic_process	Anxa2
epithelial_cell_apoptotic_process	Braf
epithelial_cell_apoptotic_process	Apc
epithelial_cell_apoptotic_process	Spop
epithelial_cell_apoptotic_process	Mapk8
epithelial_cell_apoptotic_process	Nkx2-6
epithelial_cell_apoptotic_process	Nkx2-5
epithelial_cell_apoptotic_process	Rb1
epithelial_cell_apoptotic_process	Wnt11
epithelial_cell_apoptotic_process	E2f1
epithelial_cell_apoptotic_process	Tmem258
epithelial_cell_apoptotic_process	Alms1
epithelial_cell_apoptotic_process	Exoc5
epithelial_cell_apoptotic_process	Gcm2
epithelial_cell_apoptotic_process	Gsk3b
epithelial_cell_apoptotic_process	Kcnn4
epithelial_cell_apoptotic_process	n-TUtca2
epithelial_cell_apoptotic_process	Angptl4
epithelial_cell_apoptotic_process	Abl1
epithelial_cell_apoptotic_process	Casp6
epithelial_cell_apoptotic_process	Ednra
epithelial_cell_apoptotic_process	Pik3cg
epithelial_cell_apoptotic_process	Cd248
epithelial_cell_apoptotic_process	Gsn
epithelial_cell_apoptotic_process	Fgf4
epithelial_cell_apoptotic_process	Fas
epithelial_cell_apoptotic_process	Stk3
epithelial_cell_apoptotic_process	Atg7
epithelial_cell_apoptotic_process	Hand2
epithelial_cell_apoptotic_process	Nfkbiz
epithelial_cell_apoptotic_process	Hmox1
epithelial_cell_apoptotic_process	Ryr2
epithelial_cell_apoptotic_process	Capn10
epithelial_cell_apoptotic_process	Casp3
epithelial_cell_apoptotic_process	Hipk1
epithelial_cell_apoptotic_process	Id1
epithelial_cell_apoptotic_process	Btc
epithelial_cell_apoptotic_process	Arf6
epithelial_cell_apoptotic_process	Atf7
epithelial_cell_apoptotic_process	Bax
epithelial_cell_apoptotic_process	Bcl2l1
epithelial_cell_apoptotic_process	Bcl2
epithelial_cell_apoptotic_process	Col18a1
epithelial_cell_proliferation	Sdr16c5
epithelial_cell_proliferation	Polr3g
epithelial_cell_proliferation	Egfr
epithelial_cell_proliferation	Egf
epithelial_cell_proliferation	Nog
epithelial_cell_proliferation	Ift122
epithelial_cell_proliferation	Vstm4
epithelial_cell_proliferation	Lipa
epithelial_cell_proliferation	Pik3cb
epithelial_cell_proliferation	Cldn18
epithelial_cell_proliferation	Twist2
epithelial_cell_proliferation	mTP63/iso:2
epithelial_cell_proliferation	Cdkn1b
epithelial_cell_proliferation	Rps6ka1
epithelial_cell_proliferation	Bmpr1a
epithelial_cell_proliferation	Rian
epithelial_cell_proliferation	Serpinf1
epithelial_cell_proliferation	Smo
epithelial_cell_proliferation	Bcl2l2
epithelial_cell_proliferation	Ptprv
epithelial_cell_proliferation	Cyp7b1
epithelial_cell_proliferation	Gpc3
epithelial_cell_proliferation	Loxl2
epithelial_cell_proliferation	Krt2
epithelial_cell_proliferation	Kdr
epithelial_cell_proliferation	Kit
epithelial_cell_proliferation	Or51e2
epithelial_cell_proliferation	Stk11
epithelial_cell_proliferation	Lgr5
epithelial_cell_proliferation	Stk4
epithelial_cell_proliferation	Tnf
epithelial_cell_proliferation	Cdkn2a
epithelial_cell_proliferation	Fgf9
epithelial_cell_proliferation	Bmpr2
epithelial_cell_proliferation	Btrc
epithelial_cell_proliferation	Tcf7l2
epithelial_cell_proliferation	Psen1
epithelial_cell_proliferation	Nfatc1
epithelial_cell_proliferation	Esrp2
epithelial_cell_proliferation	Tgfbr1
epithelial_cell_proliferation	Nrarp
epithelial_cell_proliferation	Tek
epithelial_cell_proliferation	Cebpb
epithelial_cell_proliferation	Itgb1bp1
epithelial_cell_proliferation	Cd34
epithelial_cell_proliferation	Ccnd1
epithelial_cell_proliferation	Mki67
epithelial_cell_proliferation	Tfap2c
epithelial_cell_proliferation	St8sia1
epithelial_cell_proliferation	Hnf1b
epithelial_cell_proliferation	Klk8
epithelial_cell_proliferation	Xbp1
epithelial_cell_proliferation	Wnt5a
epithelial_cell_proliferation	Wnt2
epithelial_cell_proliferation	Iqgap3
epithelial_cell_proliferation	Mtss1
epithelial_cell_proliferation	Ctsl
epithelial_cell_proliferation	Tgfb3
epithelial_cell_proliferation	Tgfb1
epithelial_cell_proliferation	Tgfa
epithelial_cell_proliferation	Ift88
epithelial_cell_proliferation	Col8a2
epithelial_cell_proliferation	Col8a1
epithelial_cell_proliferation	Sox9
epithelial_cell_proliferation	Agap2
epithelial_cell_proliferation	Areg
epithelial_cell_proliferation	Ar
epithelial_cell_proliferation	Apoa1
epithelial_cell_proliferation	Lims1
epithelial_cell_proliferation	Fgl1
epithelial_cell_proliferation	Cav1
epithelial_cell_proliferation	Esr2
epithelial_cell_proliferation	Esrp1
epithelial_cell_proliferation	Fap
epithelial_cell_proliferation	Pdx1
epithelial_cell_proliferation	Eya1
epithelial_cell_proliferation	Irs2
epithelial_cell_proliferation	Bmper
epithelial_cell_proliferation	Ift52
epithelial_cell_proliferation	Bad
epithelial_cell_proliferation	Sav1
epithelial_cell_proliferation	Ctnnb1
epithelial_cell_proliferation	Foxe3
epithelial_cell_proliferation	Tbx2
epithelial_cell_proliferation	Tbx1
epithelial_cell_proliferation	Bmp4
epithelial_cell_proliferation	Epha2
epithelial_cell_proliferation	Bglap2
epithelial_cell_proliferation	Apc
epithelial_cell_proliferation	Sidt2
epithelial_cell_proliferation	Shh
epithelial_cell_proliferation	Wdr77
epithelial_cell_proliferation	Men1
epithelial_cell_proliferation	Ccl5
epithelial_cell_proliferation	Scarb1
epithelial_cell_proliferation	Enpep
epithelial_cell_proliferation	Acvr2a
epithelial_cell_proliferation	Map2k2
epithelial_cell_proliferation	Mapk1
epithelial_cell_proliferation	Efnb2
epithelial_cell_proliferation	Ppard
epithelial_cell_proliferation	Tnfsf11
epithelial_cell_proliferation	Esr1
epithelial_cell_proliferation	Nppb
epithelial_cell_proliferation	Notch2
epithelial_cell_proliferation	Notch1
epithelial_cell_proliferation	Mycn
epithelial_cell_proliferation	Nkx3-1
epithelial_cell_proliferation	Nkx2-6
epithelial_cell_proliferation	Nkx2-5
epithelial_cell_proliferation	Nf1
epithelial_cell_proliferation	Slurp2
epithelial_cell_proliferation	Cd109
epithelial_cell_proliferation	Ptch1
epithelial_cell_proliferation	Lgr4
epithelial_cell_proliferation	Rb1
epithelial_cell_proliferation	Raf1
epithelial_cell_proliferation	Bnc1
epithelial_cell_proliferation	Mta3
epithelial_cell_proliferation	Kdf1
epithelial_cell_proliferation	Nkx6-1
epithelial_cell_proliferation	Cdkn1a
epithelial_cell_proliferation	Fabp7
epithelial_cell_proliferation	Pdgfb
epithelial_cell_proliferation	Serpinb1c
epithelial_cell_proliferation	Serpinb1b
epithelial_cell_proliferation	Phox2b
epithelial_cell_proliferation	Med1
epithelial_cell_proliferation	Prox1
epithelial_cell_proliferation	Prl
epithelial_cell_proliferation	Pparg
epithelial_cell_proliferation	Myc
epithelial_cell_proliferation	mVEGFA/iso:3
epithelial_cell_proliferation	mVEGFA/iso:2
epithelial_cell_proliferation	Alms1
epithelial_cell_proliferation	Trim24
epithelial_cell_proliferation	Tbx18
epithelial_cell_proliferation	Sfn
epithelial_cell_proliferation	Adk
epithelial_cell_proliferation	Prkx
epithelial_cell_proliferation	Ccn3
epithelial_cell_proliferation	Drd2
epithelial_cell_proliferation	Map2k1
epithelial_cell_proliferation	Flcn
epithelial_cell_proliferation	Fgf10
epithelial_cell_proliferation	Ern1
epithelial_cell_proliferation	Ncstn
epithelial_cell_proliferation	Nkx2-9
epithelial_cell_proliferation	Foxp2
epithelial_cell_proliferation	Serpinb1a
epithelial_cell_proliferation	Dach1
epithelial_cell_proliferation	Grn
epithelial_cell_proliferation	Ift57
epithelial_cell_proliferation	Yap1
epithelial_cell_proliferation	Fgfr3
epithelial_cell_proliferation	Fgfr2
epithelial_cell_proliferation	Fgf7
epithelial_cell_proliferation	Fgf2
epithelial_cell_proliferation	Fgf1
epithelial_cell_proliferation	Irf6
epithelial_cell_proliferation	Ift74
epithelial_cell_proliferation	Prok2
epithelial_cell_proliferation	mVEGFC/iso:1
epithelial_cell_proliferation	Clec12b
epithelial_cell_proliferation	Phb2
epithelial_cell_proliferation	Stk3
epithelial_cell_proliferation	BC004004
epithelial_cell_proliferation	Nrbp1
epithelial_cell_proliferation	Errfi1
epithelial_cell_proliferation	Nfkbiz
epithelial_cell_proliferation	Gli2
epithelial_cell_proliferation	B4galt1
epithelial_cell_proliferation	Thap1
epithelial_cell_proliferation	Fermt1
epithelial_cell_proliferation	Tcf19
epithelial_cell_proliferation	Vegfa
epithelial_cell_proliferation	Ovol1
epithelial_cell_proliferation	Pura
epithelial_cell_proliferation	Stat6
epithelial_cell_proliferation	Fst
epithelial_cell_proliferation	Fshr
epithelial_cell_proliferation	Fshb
epithelial_cell_proliferation	Bak1
epithelial_cell_proliferation	Eaf2
epithelial_cell_proliferation	Il6
epithelial_cell_proliferation	Rbpj
epithelial_cell_proliferation	Igfbp5
epithelial_cell_proliferation	Igfbp4
epithelial_cell_proliferation	Igfbp3
epithelial_cell_proliferation	Igf1
epithelial_cell_proliferation	Ncf1
epithelial_cell_proliferation	Hmgb1
epithelial_cell_proliferation	Hlx
epithelial_cell_proliferation	Ift80
epithelial_cell_proliferation	Rasgrf1
epithelial_cell_proliferation	Lims2
epithelial_cell_proliferation	Zeb2
epithelial_cell_proliferation	Cdh13
epithelial_cell_proliferation	Ift172
epithelial_cell_proliferation	Zeb1
epithelial_cell_proliferation	Kif3a
epithelial_cell_proliferation	Il17a
epithelial_cell_proliferation	Id2
epithelial_cell_proliferation	Hsf1
epithelial_cell_proliferation	Chuk
epithelial_cell_proliferation	Mef2c
epithelial_cell_proliferation	Phip
epithelial_cell_proliferation	Angptl8
epithelial_cell_proliferation	A4gnt
epithelial_cell_proliferation	Runx2
epithelial_cell_proliferation	Dlg1
epithelial_cell_proliferation	Prok1
epithelial_cell_proliferation	Bax
epithelial_cell_proliferation	Hmx2
epithelial_cell_proliferation	Wnt16
epithelial_cell_proliferation	Cav2
epithelial_cell_proliferation	Sema5a
epithelial_cell_proliferation	Ereg
epithelial_cell_proliferation	Hgf
epithelial_cell_proliferation	Bglap
epithelial_cell_proliferation	Bcl2l1
epithelial_cell_proliferation	Col18a1
epithelial_cell_proliferation	Trp63
BMP_signaling_pathway	Egr1
BMP_signaling_pathway	Nog
BMP_signaling_pathway	Lef1
BMP_signaling_pathway	Tgfbr3
BMP_signaling_pathway	Twsg1
BMP_signaling_pathway	Mir23a
BMP_signaling_pathway	Mir210
BMP_signaling_pathway	Mir16-1
BMP_signaling_pathway	Mir147
BMP_signaling_pathway	Mir125a
BMP_signaling_pathway	Mir122
BMP_signaling_pathway	Mirlet7d
BMP_signaling_pathway	Mirlet7b
BMP_signaling_pathway	Mirlet7a-1
BMP_signaling_pathway	Smad5
BMP_signaling_pathway	Sfrp2
BMP_signaling_pathway	Acvrl1
BMP_signaling_pathway	Bmpr1a
BMP_signaling_pathway	Nfia
BMP_signaling_pathway	Zcchc12
BMP_signaling_pathway	Nanog
BMP_signaling_pathway	Hes5
BMP_signaling_pathway	Hes1
BMP_signaling_pathway	Zfp128
BMP_signaling_pathway	Bmncr
BMP_signaling_pathway	Gdf2
BMP_signaling_pathway	Tmprss6
BMP_signaling_pathway	Bmpr2
BMP_signaling_pathway	Slc39a5
BMP_signaling_pathway	Bmp10
BMP_signaling_pathway	Tcf7l2
BMP_signaling_pathway	Wnt5a
BMP_signaling_pathway	Wnt3a
BMP_signaling_pathway	Wnt1
BMP_signaling_pathway	Mir329
BMP_signaling_pathway	Spart
BMP_signaling_pathway	Comp
BMP_signaling_pathway	Sostdc1
BMP_signaling_pathway	Bmp7
BMP_signaling_pathway	Smad1
BMP_signaling_pathway	Smpd3
BMP_signaling_pathway	Scx
BMP_signaling_pathway	Atf2
BMP_signaling_pathway	Bmper
BMP_signaling_pathway	Bmp6
BMP_signaling_pathway	Bmp5
BMP_signaling_pathway	Bmp4
BMP_signaling_pathway	Bmp2
BMP_signaling_pathway	Megf8
BMP_signaling_pathway	Dsg4
BMP_signaling_pathway	Acvr2a
BMP_signaling_pathway	Mapk3
BMP_signaling_pathway	Chrdl1
BMP_signaling_pathway	Amhr2
BMP_signaling_pathway	Ddx5
BMP_signaling_pathway	Sfrp1
BMP_signaling_pathway	Usp15
BMP_signaling_pathway	Rgmb
BMP_signaling_pathway	Fam83g
BMP_signaling_pathway	Hjv
BMP_signaling_pathway	Notch2
BMP_signaling_pathway	Ecsit
BMP_signaling_pathway	Chrd
BMP_signaling_pathway	Pparg
BMP_signaling_pathway	Smurf1
BMP_signaling_pathway	Msx2
BMP_signaling_pathway	Msx1
BMP_signaling_pathway	Smad6
BMP_signaling_pathway	Dlx5
BMP_signaling_pathway	Acvr2b
BMP_signaling_pathway	Acvr1
BMP_signaling_pathway	Mirlet7f-1
BMP_signaling_pathway	Mirlet7f-2
BMP_signaling_pathway	Hfe
BMP_signaling_pathway	Dlx3
BMP_signaling_pathway	Abl1
BMP_signaling_pathway	Smad4
BMP_signaling_pathway	Sost
BMP_signaling_pathway	Ror2
BMP_signaling_pathway	Gdf7
BMP_signaling_pathway	Gdf6
BMP_signaling_pathway	Gdf5
BMP_signaling_pathway	Fst
BMP_signaling_pathway	Vsir
BMP_signaling_pathway	Hivep1
BMP_signaling_pathway	Rgma
BMP_signaling_pathway	Pdcd4
BMP_signaling_pathway	Bmp8b
BMP_signaling_pathway	Id1
BMP_signaling_pathway	Fkbp8
BMP_signaling_pathway	Usp9x
BMP_signaling_pathway	Ext1
BMP_signaling_pathway	Etv2
BMP_signaling_pathway	Runx2
BMP_signaling_pathway	Bmpr1b
BMP_signaling_pathway	Tmem100
BMP_signaling_pathway	Smad9
regulation_of_BMP_signaling_pathway	Scube3
regulation_of_BMP_signaling_pathway	Fstl4
regulation_of_BMP_signaling_pathway	Nog
regulation_of_BMP_signaling_pathway	Trim33
regulation_of_BMP_signaling_pathway	Fstl3
regulation_of_BMP_signaling_pathway	Tfap2b
regulation_of_BMP_signaling_pathway	Tgfbr3
regulation_of_BMP_signaling_pathway	Nbl1
regulation_of_BMP_signaling_pathway	Twsg1
regulation_of_BMP_signaling_pathway	Sfrp2
regulation_of_BMP_signaling_pathway	Acvrl1
regulation_of_BMP_signaling_pathway	Smad2
regulation_of_BMP_signaling_pathway	Sorl1
regulation_of_BMP_signaling_pathway	Gpc3
regulation_of_BMP_signaling_pathway	Nanog
regulation_of_BMP_signaling_pathway	Hes5
regulation_of_BMP_signaling_pathway	Hes1
regulation_of_BMP_signaling_pathway	Ark2c
regulation_of_BMP_signaling_pathway	Kdr
regulation_of_BMP_signaling_pathway	Itga3
regulation_of_BMP_signaling_pathway	Gdf2
regulation_of_BMP_signaling_pathway	Htra1
regulation_of_BMP_signaling_pathway	Tmprss6
regulation_of_BMP_signaling_pathway	Tcf7l2
regulation_of_BMP_signaling_pathway	Lemd3
regulation_of_BMP_signaling_pathway	Wnt5a
regulation_of_BMP_signaling_pathway	Wnt1
regulation_of_BMP_signaling_pathway	Ccn1
regulation_of_BMP_signaling_pathway	Spart
regulation_of_BMP_signaling_pathway	Mir675
regulation_of_BMP_signaling_pathway	Skil
regulation_of_BMP_signaling_pathway	Sox11
regulation_of_BMP_signaling_pathway	Ski
regulation_of_BMP_signaling_pathway	Sostdc1
regulation_of_BMP_signaling_pathway	Fstl1
regulation_of_BMP_signaling_pathway	Cav1
regulation_of_BMP_signaling_pathway	Eng
regulation_of_BMP_signaling_pathway	Bmper
regulation_of_BMP_signaling_pathway	Vwc2
regulation_of_BMP_signaling_pathway	Bmp4
regulation_of_BMP_signaling_pathway	Fbn1
regulation_of_BMP_signaling_pathway	Zfp423
regulation_of_BMP_signaling_pathway	Kcp
regulation_of_BMP_signaling_pathway	Chrdl1
regulation_of_BMP_signaling_pathway	Cdh5
regulation_of_BMP_signaling_pathway	Sfrp1
regulation_of_BMP_signaling_pathway	Sfrp4
regulation_of_BMP_signaling_pathway	Tmem53
regulation_of_BMP_signaling_pathway	Hjv
regulation_of_BMP_signaling_pathway	Notch2
regulation_of_BMP_signaling_pathway	Notch1
regulation_of_BMP_signaling_pathway	Prmt1
regulation_of_BMP_signaling_pathway	Chrdl2
regulation_of_BMP_signaling_pathway	Chrd
regulation_of_BMP_signaling_pathway	Pparg
regulation_of_BMP_signaling_pathway	Smurf1
regulation_of_BMP_signaling_pathway	Msx2
regulation_of_BMP_signaling_pathway	Msx1
regulation_of_BMP_signaling_pathway	Smad7
regulation_of_BMP_signaling_pathway	Smad6
regulation_of_BMP_signaling_pathway	Skor2
regulation_of_BMP_signaling_pathway	Tob1
regulation_of_BMP_signaling_pathway	Ilk
regulation_of_BMP_signaling_pathway	Tnfaip6
regulation_of_BMP_signaling_pathway	Dlx1
regulation_of_BMP_signaling_pathway	Fstl5
regulation_of_BMP_signaling_pathway	Abl1
regulation_of_BMP_signaling_pathway	Sulf1
regulation_of_BMP_signaling_pathway	Pelo
regulation_of_BMP_signaling_pathway	Smurf2
regulation_of_BMP_signaling_pathway	Tbx20
regulation_of_BMP_signaling_pathway	Numa1
regulation_of_BMP_signaling_pathway	Lemd2
regulation_of_BMP_signaling_pathway	Lrp2
regulation_of_BMP_signaling_pathway	Elapor2
regulation_of_BMP_signaling_pathway	Cer1
regulation_of_BMP_signaling_pathway	Sost
regulation_of_BMP_signaling_pathway	Fzd1
regulation_of_BMP_signaling_pathway	Ctdspl2
regulation_of_BMP_signaling_pathway	Gdf5
regulation_of_BMP_signaling_pathway	Gdf3
regulation_of_BMP_signaling_pathway	Gata4
regulation_of_BMP_signaling_pathway	Skor1
regulation_of_BMP_signaling_pathway	Fst
regulation_of_BMP_signaling_pathway	Vsir
regulation_of_BMP_signaling_pathway	Neo1
regulation_of_BMP_signaling_pathway	Foxd1
regulation_of_BMP_signaling_pathway	Rbpj
regulation_of_BMP_signaling_pathway	Ube2o
regulation_of_BMP_signaling_pathway	Vwc2l
regulation_of_BMP_signaling_pathway	Fbxl15
regulation_of_BMP_signaling_pathway	Hoxa13
regulation_of_BMP_signaling_pathway	Htra3
regulation_of_BMP_signaling_pathway	Grem2
regulation_of_BMP_signaling_pathway	Dand5
regulation_of_BMP_signaling_pathway	Grem1
regulation_of_BMP_signaling_pathway	Rgma
regulation_of_BMP_signaling_pathway	Crb2
regulation_of_BMP_signaling_pathway	Bambi
regulation_of_BMP_signaling_pathway	Ppm1a
regulation_of_BMP_signaling_pathway	Hipk2
regulation_of_BMP_signaling_pathway	Fkbp8
regulation_of_BMP_signaling_pathway	Gpr155
regulation_of_BMP_signaling_pathway	Crim1
regulation_of_BMP_signaling_pathway	Gata6
regulation_of_BMP_signaling_pathway	Dkk1
PI3K_Akt	Egf
PI3K_Akt	Tgfa
PI3K_Akt	Ereg
PI3K_Akt	Areg
PI3K_Akt	Fgf1
PI3K_Akt	Fgf2
PI3K_Akt	Fgf7
PI3K_Akt	Fgf15
PI3K_Akt	Fgf21
PI3K_Akt	Fgf23
PI3K_Akt	Klk1b4
PI3K_Akt	Ngf
PI3K_Akt	Bdnf
PI3K_Akt	Ntf3
PI3K_Akt	Ntf5
PI3K_Akt	<NA>
PI3K_Akt	Igf1
PI3K_Akt	Igf2
PI3K_Akt	Pdgfa
PI3K_Akt	Pdgfb
PI3K_Akt	Pdgfc
PI3K_Akt	Csf1
PI3K_Akt	Kitl
PI3K_Akt	Flt3l
PI3K_Akt	Vegfa
PI3K_Akt	Vegfb
PI3K_Akt	Pgf
PI3K_Akt	Vegfc
PI3K_Akt	Hgf
PI3K_Akt	Angpt1
PI3K_Akt	Angpt2
PI3K_Akt	Angpt4
PI3K_Akt	Efna1
PI3K_Akt	Gdnf
PI3K_Akt	Nrtn
PI3K_Akt	Artn
PI3K_Akt	Pspn
PI3K_Akt	Egfr
PI3K_Akt	Erbb2
PI3K_Akt	Erbb3
PI3K_Akt	Erbb4
PI3K_Akt	Fgfr1
PI3K_Akt	Fgfr2
PI3K_Akt	Fgfr3
PI3K_Akt	Fgfr4
PI3K_Akt	Ngfr
PI3K_Akt	Ntrk1
PI3K_Akt	Ntrk2
PI3K_Akt	Insr
PI3K_Akt	Igf1r
PI3K_Akt	Pdgfra
PI3K_Akt	Pdgfrb
PI3K_Akt	Csf1r
PI3K_Akt	Kit
PI3K_Akt	Flt3
PI3K_Akt	Flt1
PI3K_Akt	Flt4
PI3K_Akt	Kdr
PI3K_Akt	Met
PI3K_Akt	Tek
PI3K_Akt	Epha2
PI3K_Akt	Ret
PI3K_Akt	Grb2
PI3K_Akt	Sos2
PI3K_Akt	Hras
PI3K_Akt	Kras
PI3K_Akt	Nras
PI3K_Akt	Raf1
PI3K_Akt	Map2k1
PI3K_Akt	Map2k2
PI3K_Akt	Mapk3
PI3K_Akt	Irs1
PI3K_Akt	Tlr2
PI3K_Akt	Tlr4
PI3K_Akt	Rac1
PI3K_Akt	Sos1
PI3K_Akt	Mapk1
PI3K_Akt	Fgf5
PI3K_Akt	Fgf3
PI3K_Akt	Fgf4
PI3K_Akt	Fgf22
PI3K_Akt	Fgf18
PI3K_Akt	Fgf10
PI3K_Akt	Fgf9
PI3K_Akt	Fgf17
PI3K_Akt	Fgf8
PI3K_Akt	Fgf16
PI3K_Akt	Ins1
PI3K_Akt	Pdgfd
PI3K_Akt	Vegfd
PI3K_Akt	Efna5
PI3K_Akt	Efna4
PI3K_Akt	Efna2
PI3K_Akt	Efna3
MAPK	Cacna1a
MAPK	Cacna1b
MAPK	Cacna1c
MAPK	Cacna1d
MAPK	Cacna1e
MAPK	Cacna1f
MAPK	Cacna1g
MAPK	Cacna1h
MAPK	Cacna1i
MAPK	Cacna1s
MAPK	Cacna2d1
MAPK	Cacna2d2
MAPK	Cacna2d3
MAPK	Cacna2d4
MAPK	Cacnb1
MAPK	Cacnb2
MAPK	Cacnb3
MAPK	Cacnb4
MAPK	Cacng1
MAPK	Cacng2
MAPK	Cacng3
MAPK	Cacng4
MAPK	Cacng5
MAPK	Cacng6
MAPK	Cacng7
MAPK	Cacng8
MAPK	Prkacb
MAPK	Prkca
MAPK	Prkcb
MAPK	Prkcg
MAPK	Gna12
MAPK	Gng12
MAPK	Ppp3ca
MAPK	Ppp3r2
MAPK	Rasgrf1
MAPK	Rasgrf2
MAPK	Rasgrp1
MAPK	Rasgrp2
MAPK	Rasgrp3
MAPK	Rasgrp4
MAPK	Rapgef2
MAPK	Nf1
MAPK	Rasa1
MAPK	Rasa2
MAPK	Rap1a
MAPK	Rap1b
MAPK	Egf
MAPK	Tgfa
MAPK	Ereg
MAPK	Areg
MAPK	Fgf1
MAPK	Fgf2
MAPK	Fgf7
MAPK	Fgf15
MAPK	Fgf21
MAPK	Fgf23
MAPK	Klk1b4
MAPK	Ngf
MAPK	Bdnf
MAPK	Ntf3
MAPK	Ntf5
MAPK	Igf1
MAPK	Igf2
MAPK	Pdgfa
MAPK	Pdgfb
MAPK	Pdgfc
MAPK	Csf1
MAPK	Kitl
MAPK	Flt3l
MAPK	Vegfa
MAPK	Vegfb
MAPK	Pgf
MAPK	Vegfc
MAPK	Hgf
MAPK	Angpt1
MAPK	Angpt2
MAPK	Angpt4
MAPK	Efna1
MAPK	Gdnf
MAPK	Nrtn
MAPK	Artn
MAPK	Pspn
MAPK	Egfr
MAPK	Erbb2
MAPK	Erbb3
MAPK	Erbb4
MAPK	Fgfr1
MAPK	Fgfr2
MAPK	Fgfr3
MAPK	Fgfr4
MAPK	Ngfr
MAPK	Ntrk1
MAPK	Ntrk2
MAPK	Insr
MAPK	Igf1r
MAPK	Pdgfra
MAPK	Pdgfrb
MAPK	Csf1r
MAPK	Kit
MAPK	Fgf3
MAPK	Fgf4
MAPK	Fgf22
MAPK	Fgf18
MAPK	Fgf10
MAPK	Fgf9
MAPK	Fgf17
MAPK	Fgf8
MAPK	Fgf16
MAPK	Fgf5
MAPK	Gm5741
MAPK	Ppp3cb
MAPK	Ppp3r1
MAPK	Prkaca
MAPK	Ppp3cc
MAPK	Ins1
MAPK	Pdgfd
MAPK	Vegfd
MAPK	Efna4
MAPK	Efna2
MAPK	Efna5
MAPK	Efna3
TGF_beta	Chrd
TGF_beta	Nog
TGF_beta	Nbl1
TGF_beta	Grem2
TGF_beta	Thbs1
TGF_beta	Dcn
TGF_beta	Fmod
TGF_beta	Lefty2
TGF_beta	Fst
TGF_beta	Bmp2
TGF_beta	Bmp4
TGF_beta	Bmp6
TGF_beta	Inhbb
TGF_beta	Trf
TGF_beta	Bmp5
TGF_beta	Bmp7
TGF_beta	Bmp8b
TGF_beta	Gdf5
TGF_beta	Gdf6
TGF_beta	Gdf7
TGF_beta	Amh
TGF_beta	Ifng
TGF_beta	Tnf
TGF_beta	Thsd4
TGF_beta	Fbn1
TGF_beta	Ltbp1
TGF_beta	Tgfb1
TGF_beta	Tgfb2
TGF_beta	Tgfb3
TGF_beta	Inhba
TGF_beta	Inhbc
TGF_beta	Inhbe
TGF_beta	Nodal
TGF_beta	Bmpr1a
TGF_beta	Bmpr1b
TGF_beta	Acvr1
TGF_beta	Bmpr2
TGF_beta	Acvr2a
TGF_beta	Hjv
TGF_beta	Neo1
TGF_beta	Hfe
TGF_beta	Tfr2
TGF_beta	Tfrc
TGF_beta	Rgma
TGF_beta	Rgmb
TGF_beta	Amhr2
TGF_beta	Tgfbr1
TGF_beta	Tgfbr2
TGF_beta	Emp3
TGF_beta	Lrrc32
TGF_beta	Nrros
TGF_beta	Acvr1b
TGF_beta	Acvr2b
TGF_beta	Acvr1c
TGF_beta	Igsf1
TGF_beta	Bambi
TGF_beta	Smad1
TGF_beta	Smad5
TGF_beta	Smad9
TGF_beta	Smad2
TGF_beta	Smad3
TGF_beta	Smad4
TGF_beta	Smad6
TGF_beta	Smad7
TGF_beta	Smurf1
TGF_beta	Zfyve9
TGF_beta	Rbx1
TGF_beta	Cul1
TGF_beta	Skp1
TGF_beta	Mapk3
TGF_beta	4930544G11Rik
TGF_beta	Rock1
TGF_beta	Ppp2r1b
TGF_beta	Ppp2cb
TGF_beta	Rps6kb1
TGF_beta	Hamp2
TGF_beta	Id1
TGF_beta	Id2
TGF_beta	Id3
TGF_beta	Id4
TGF_beta	Rbl1
TGF_beta	E2f5
TGF_beta	Tfdp1
TGF_beta	Ep300
TGF_beta	Sp1
TGF_beta	Skil
TGF_beta	Ski
TGF_beta	Sin3a
TGF_beta	Hdac1
TGF_beta	Ncor1
TGF_beta	Tgif1
TGF_beta	Tgif2
TGF_beta	Myc
TGF_beta	Cdkn2b
TGF_beta	Pitx2
TGF_beta	Ppp2r1a
TGF_beta	Ppp2ca
TGF_beta	Rps6kb2
TGF_beta	Hamp
TGF_beta	Bmp8a
TGF_beta	Grem1
TGF_beta	Lefty1
TGF_beta	1300017J02Rik
TGF_beta	Smurf2
TGF_beta	Zfyve16
TGF_beta	E2f4
TGF_beta	Hdac2
TGF_beta	Crebbp
TGF_beta	Mapk1
TGF_beta	Rhoa
